   426	nodiscc <nodiscc@gmail.com>
    21	trynsta <131924349+trynsta@users.noreply.github.com>
     5	Oleg Kravchenko <okravc@gmail.com>
     5	Patrice Duroux <patrice.duroux@gmail.com>
     4	Сухарик <suhr@i2pmail.org>
     3	Bruno Vernay <brunovern.a@gmail.com>
     3	Paulo Thiago Santa <paulothiago0605@gmail.com>
     2	Robbert van der Helm <mail@robbertvanderhelm.nl>
     2	VirtualTam <virtualtam@flibidi.net>
     2	bcaccia <reverbtank@gmail.com>
     1	Aaron Wolf <wolftune@gmail.com>
     1	Adrian Heine né Lang <mail@adrianheine.de>
     1	Alexander Lopatin <alopatindev@gmail.com>
     1	Amal Karunarathna <nasashinega@gmail.com>
     1	Andre Plötze <7642349+andrepxx@users.noreply.github.com>
     1	Andrew Kelley <superjoe30@gmail.com>
     1	Anon McHacker <anonymous@noreply.L3337.github.com>
     1	Artem Popov <artfwo@gmail.com>
     1	Benjamin Zeiss <ben@zeiss.net>
     1	BoySka <boyska@users.noreply.github.com>
     1	Christopher Arndt <chris@chrisarndt.de>
     1	David Marzal <2069735+Marzal@users.noreply.github.com>
     1	Derek Bever <derek.bever@gmail.com>
     1	Fabio Neves <hello+github@fabioneves.ca>
     1	Guillaume Pellerin <yomguy@parisson.com>
     1	Jean-Michaël Celerier <jeanmichael.celerier+github@gmail.com>
     1	John Smith <itstheworm@tuta.io>
     1	John White <jana_tb@live.com>
     1	José Fernández Ramos <el.atomo@gmail.com>
     1	Kevin Cole <dc.loco@gmail.com>
     1	LAM <matsynth@yahoo.com>
     1	Luraktinus <33608674+Luraktinus@users.noreply.github.com>
     1	Mike Start <mike@overtonedsp.co.uk>
     1	Nil Geisweiller <ngeiswei@gmail.com>
     1	Oleg Kr <okravc@gmail.com>
     1	Thibaud Keller <tibthejazzdude@gmail.com>
     1	diovudau <nils@hilbricht.net>
     1	drone <drone@derrichter.lan>
     1	drone <nodiscc@gmail.com>
     1	jojo <jt@peek-a-boo.at>
     1	paulbatchelor <thisispaulbatchelor@gmail.com>
     1	reales <13709183+reales@users.noreply.github.com>
     1	redtide <redtid3@gmail.com>
     1	sezanzeb <proxima@hip70890b.de>
